5.7.2021.18.47.14,66
5.7.2021.18.47.17,65
5.7.2021.18.47.38,64
5.7.2021.18.48.24,65
5.7.2021.18.48.26,64
5.7.2021.18.48.51,65
5.7.2021.18.48.53,64
5.7.2021.18.48.55,63
5.7.2021.18.49.13,62
5.7.2021.18.49.17,61
5.7.2021.18.49.34,60
5.7.2021.18.49.40,59
5.7.2021.18.49.58,60
5.7.2021.18.50.13,61
5.7.2021.18.50.18,62
5.7.2021.18.50.27,61
5.7.2021.18.50.59,62
5.7.2021.18.51.3,63
5.7.2021.18.51.17,62
5.7.2021.18.51.19,63
5.7.2021.18.51.23,62
5.7.2021.18.51.34,61
5.7.2021.18.52.5,62
5.7.2021.18.52.15,63
5.7.2021.18.52.17,62
5.7.2021.18.52.26,63
5.7.2021.18.52.31,64
5.7.2021.18.52.37,65
5.7.2021.18.52.41,66
5.7.2021.18.52.50,67
5.7.2021.18.52.55,68
5.7.2021.18.53.14,69
5.7.2021.18.53.19,68
5.7.2021.18.53.27,69
5.7.2021.18.53.38,68
5.7.2021.18.53.55,69
5.7.2021.18.54.32,70
5.7.2021.18.54.45,71
5.7.2021.18.55.13,72
5.7.2021.18.55.16,73
5.7.2021.18.55.35,74
5.7.2021.18.55.39,75
5.7.2021.18.55.42,76
5.7.2021.18.55.50,75
5.7.2021.18.55.57,74
5.7.2021.18.56.6,75
5.7.2021.18.56.12,76
5.7.2021.18.56.21,77
5.7.2021.18.56.26,78
5.7.2021.18.56.34,79
5.7.2021.18.56.56,78
5.7.2021.18.57.1,79
5.7.2021.18.57.3,80
5.7.2021.18.57.5,79
5.7.2021.18.57.11,78
5.7.2021.18.57.59,77
5.7.2021.18.58.21,76
5.7.2021.18.58.23,77
5.7.2021.18.58.26,76
5.7.2021.18.58.30,77
5.7.2021.18.58.35,78
5.7.2021.18.58.58,79
5.7.2021.18.58.59,80
5.7.2021.18.59.22,79
5.7.2021.18.59.48,78
5.7.2021.18.59.51,77
5.7.2021.19.0.1,78
5.7.2021.19.0.2,77
5.7.2021.19.0.8,76
5.7.2021.19.0.13,75
5.7.2021.19.0.15,76
5.7.2021.19.0.19,75
5.7.2021.19.0.24,74
5.7.2021.19.0.43,75
5.7.2021.19.0.54,74
5.7.2021.19.1.0,75
5.7.2021.19.1.47,74
5.7.2021.19.1.53,73
5.7.2021.19.2.0,72
5.7.2021.19.2.21,71
5.7.2021.19.2.26,70
5.7.2021.19.2.35,69
5.7.2021.19.3.1,68
5.7.2021.19.3.45,67
5.7.2021.19.3.53,66
5.7.2021.19.4.37,65
5.7.2021.19.4.43,64
5.7.2021.19.4.50,63
5.7.2021.19.4.54,62
5.7.2021.19.4.57,61
5.7.2021.19.5.3,60
5.7.2021.19.5.8,59
5.7.2021.19.5.16,60
5.7.2021.19.5.27,61
5.7.2021.19.5.29,60
5.7.2021.19.5.31,61
5.7.2021.19.5.34,60
5.7.2021.19.5.53,61
5.7.2021.19.6.0,62
5.7.2021.19.6.11,63
5.7.2021.19.6.17,62
5.7.2021.19.6.30,63
5.7.2021.19.6.37,64
5.7.2021.19.6.43,63
5.7.2021.19.6.44,64
5.7.2021.19.6.57,63
5.7.2021.19.7.1,62
5.7.2021.19.7.6,61
5.7.2021.19.7.18,62
5.7.2021.19.7.36,61
5.7.2021.19.7.51,60
5.7.2021.19.7.58,61
5.7.2021.19.8.31,60
5.7.2021.19.8.39,59
5.7.2021.19.8.57,58
5.7.2021.19.9.6,57
5.7.2021.19.9.15,56
5.7.2021.19.9.58,55
5.7.2021.19.10.13,54
5.7.2021.19.10.20,53
5.7.2021.19.10.28,52
5.7.2021.19.11.12,53
5.7.2021.19.11.25,52
5.7.2021.19.11.32,51
5.7.2021.19.11.34,52
5.7.2021.19.11.38,53
5.7.2021.19.11.41,54
5.7.2021.19.11.47,55
5.7.2021.19.12.14,54
5.7.2021.19.12.22,53
5.7.2021.19.12.51,52
5.7.2021.19.12.55,51
5.7.2021.19.12.57,52
5.7.2021.19.13.0,51
5.7.2021.19.13.4,52
5.7.2021.19.13.8,51
5.7.2021.19.13.10,52
5.7.2021.19.13.26,53
5.7.2021.19.13.32,52
5.7.2021.19.13.35,51
5.7.2021.19.13.39,50
5.7.2021.19.14.33,51
5.7.2021.19.14.58,52
5.7.2021.19.15.15,53
5.7.2021.19.15.21,54
5.7.2021.19.15.24,55
5.7.2021.19.15.28,56
5.7.2021.19.15.32,57
5.7.2021.19.16.3,58
5.7.2021.19.16.56,57
5.7.2021.19.17.17,58
5.7.2021.19.17.22,59
5.7.2021.19.17.48,60
5.7.2021.19.17.55,61
5.7.2021.19.18.18,62
5.7.2021.19.18.19,63
5.7.2021.19.18.32,62
5.7.2021.19.18.36,61
5.7.2021.19.19.2,62
5.7.2021.19.19.9,61
5.7.2021.19.19.13,60
5.7.2021.19.19.15,61
5.7.2021.19.19.17,60
5.7.2021.19.19.32,59
5.7.2021.19.19.50,60
5.7.2021.19.19.52,59
5.7.2021.19.19.56,61
5.7.2021.19.20.27,62
5.7.2021.19.21.12,61
5.7.2021.19.21.15,62
5.7.2021.19.22.5,61
5.7.2021.19.22.10,60
5.7.2021.19.22.14,59
5.7.2021.19.22.23,60
5.7.2021.19.22.58,59
5.7.2021.19.23.9,60
5.7.2021.19.23.17,61
5.7.2021.19.23.20,62
5.7.2021.19.23.28,61
5.7.2021.19.23.42,60
5.7.2021.19.23.46,59
5.7.2021.19.23.50,58
5.7.2021.19.24.5,59
5.7.2021.19.24.16,60
5.7.2021.19.25.33,61
5.7.2021.19.25.52,60
5.7.2021.19.25.55,59
5.7.2021.19.26.1,58
5.7.2021.19.26.7,57
5.7.2021.19.26.18,58
5.7.2021.19.26.21,57
5.7.2021.19.26.29,58
5.7.2021.19.26.40,57
5.7.2021.19.26.43,58
5.7.2021.19.27.26,59
5.7.2021.19.27.31,58
5.7.2021.19.27.55,56
5.7.2021.19.27.57,55
5.7.2021.19.30.10,55
5.7.2021.19.30.12,54
5.7.2021.17.30.36,55
5.7.2021.17.30.47,54
5.7.2021.17.31.51,57
5.7.2021.17.32.6,58
5.7.2021.17.32.8,59
